Customer ID,Arrival Time,Start Time,End Time,Teller ID,Turnaround Time,Waiting Time,Response Time
2,1716256941.5634458,1716256941.5634458,1716256944.569728,2,3.006282091140747,0.0,0.0
4,1716256943.098606,1716256944.5702465,1716256945.5779076,2,2.4793014526367188,1.4716403484344482,1.4716403484344482
1,1716256940.8972342,1716256940.8972342,1716256945.9020486,1,5.004814386367798,0.0,0.0
6,1716256944.6311626,1716256945.9020486,1716256946.9130685,1,2.2819058895111084,1.270885944366455,1.270885944366455
3,1716256942.089194,1716256942.089194,1716256947.09818,3,5.008985996246338,0.0,0.0
5,1716256943.907497,1716256945.5779076,1716256949.5879977,2,5.680500745773315,1.6704106330871582,1.6704106330871582
9,1716256948.0926175,1716256949.5879977,1716256950.5964277,2,2.503810167312622,1.495380163192749,1.495380163192749
7,1716256946.091786,1716256946.9130685,1716256950.9227233,1,4.830937385559082,0.8212826251983643,0.8212826251983643
8,1716256947.09818,1716256947.09818,1716256952.0995982,3,5.001418113708496,0.0,0.0
