Customer ID,Entering Time,Exiting Time
1,1716140650.6681182,1716140653.6750085
2,1716140651.6164627,1716140654.621712
2,1716140651.6164627,1716140654.621712
3,1716140652.4900093,1716140655.4958024
4,1716140652.959829,1716140656.6766808
1,1716140650.6681182,1716140657.6277363
5,1716140653.925212,1716140658.499468
6,1716140654.3445754,1716140659.6790154
